CREATE DATABASE WAREHOUSE;

USE WAREHOUSE;

CREATE TABLE CITIES(CITY CHAR(20) UNIQUE NOT NULL ,STATE CHAR(20) NOT NULL);
CREATE TABLE WAREHOUSES(WID INTEGER PRIMARY KEY, WNAME CHAR(30) NOT NULL , LOCATION_CITY CHAR(20) NOT NULL, FOREIGN KEY(LOCATION_CITY) REFERENCES CITIES(CITY) );
CREATE TABLE STORES (SID INTEGER PRIMARY KEY, STORE_NAME CHAR(20) NOT NULL , LOCATION_CITY CHAR(20) NOT NULL, WID INT NOT NULL, FOREIGN KEY(WID) REFERENCES WAREHOUSES(WID), FOREIGN KEY(LOCATION_CITY) REFERENCES CITIES(CITY) );
CREATE TABLE CUSTOMER(CNO INTEGER PRIMARY KEY, CNAME CHAR(50) NOT NULL , ADDR VARCHAR(50) NOT NULL, CU_CITY CHAR(20) NOT NULL, FOREIGN KEY(CU_CITY) REFERENCES CITIES(CITY)); 
CREATE TABLE ITEMS(ITEMNO INTEGER PRIMARY KEY, DESCRIPTION CHAR(50) NOT NULL, WEIGHT DECIMAL(5,2) NOT NULL , COST DECIMAL(8,2) NOT NULL);
CREATE TABLE ORDERS(ONO INT PRIMARY KEY, ODATE DATE NOT NULL, CNO INT NOT NULL, ITEMNO INT NOT NULL, FOREIGN KEY(CNO) REFERENCES CUSTOMER(CNO), FOREIGN KEY(ITEMNO) REFERENCES ITEMS(ITEMNO));



INSERT INTO CITIES VALUES('PUNE', 'MAHARASHTRA');
INSERT INTO CITIES VALUES('BANGLORE', 'KARNATAKA');
INSERT INTO CITIES VALUES('HYDERABAD', 'TELENGANA');

INSERT INTO WAREHOUSES VALUES(1000, 'WARE_THREE', 'PUNE');
INSERT INTO WAREHOUSES VALUES(1001, 'WARE_FIVE', 'BANGLORE');
INSERT INTO WAREHOUSES VALUES(1002, 'WARE_SIX', 'HYDERABAD');
INSERT INTO WAREHOUSES VALUES(1003, 'WARE_TEN', 'PUNE');

INSERT INTO STORES VALUES(2000, 'STORE_FOUR', 'PUNE', 1000);
INSERT INTO STORES VALUES(2001, 'STORE_SEVEN', 'PUNE', 1000);
INSERT INTO STORES VALUES(2002, 'STORE_EIGHT', 'BANGLORE', 1001);
INSERT INTO STORES VALUES(2003, 'STORE_TEN', 'HYDERABAD', 1002);
INSERT INTO STORES VALUES(2004, 'STORE_THIRTEEN', 'PUNE', 1003);

INSERT INTO CUSTOMER VALUES (3000, 'FAF', 'PHASE-1, HINJEWADI', 'PUNE');
INSERT INTO CUSTOMER VALUES (3001, 'GAL', 'FURGUSON ROAD', 'PUNE');
INSERT INTO CUSTOMER VALUES (3002, 'HARRY', 'BALEWADI', 'PUNE');
INSERT INTO CUSTOMER VALUES (3003, 'ION', 'WAKAD', 'PUNE');


INSERT INTO CUSTOMER VALUES (3020, 'MIKE', 'THINK CAMPUS', 'BANGLORE');
INSERT INTO CUSTOMER VALUES (3021, 'NATASHA', 'RJ ROAD', 'BANGLORE');
INSERT INTO CUSTOMER VALUES (3022, 'OLI', 'SEZ-13', 'BANGLORE');

INSERT INTO CUSTOMER VALUES (3030, 'PAPER', 'SECUNDERABAD', 'HYDERABAD');
INSERT INTO CUSTOMER VALUES (3031, 'QINTON', 'DULLAPALLY', 'HYDERABAD');
INSERT INTO CUSTOMER VALUES (3032, 'ROBERT', 'HIGHTECH CITY', 'HYDERABAD');


INSERT INTO ITEMS VALUES (4001, 'MOBILE', 2.20, 17000);
INSERT INTO ITEMS VALUES (4002, 'WATCH', 1.40, 5000);
INSERT INTO ITEMS VALUES (4003, 'LAPTOP', 5.80, 25000);
INSERT INTO ITEMS VALUES (4004, 'IPAD', 4.10, 11100.00);
INSERT INTO ITEMS VALUES (4005, 'EAR BUDS', 1.00, 2500.00);
INSERT INTO ITEMS VALUES (4006, 'CAR', 25.20, 25000.00);
INSERT INTO ITEMS VALUES (4007, 'BIKE', 15.22, 40000.00);
INSERT INTO ITEMS VALUES (4008, 'BOOK', 2.43, 1200.00);
INSERT INTO ITEMS VALUES (4009, 'LED', 10.28, 22100.00);
INSERT INTO ITEMS VALUES (4010, 'AC', 18.77, 75000.00);


INSERT INTO ORDERS VALUES (5001, '2022-05-12', 3001, 4001);
INSERT INTO ORDERS VALUES (5002, '2022-05-12', 3002, 4001);
INSERT INTO ORDERS VALUES (5003, '2022-05-12', 3001, 4002);
INSERT INTO ORDERS VALUES (5004, '2022-05-12', 3001, 4003);
INSERT INTO ORDERS VALUES (5005, '2022-05-12', 3021, 4007);
INSERT INTO ORDERS VALUES (5006, '2021-01-14', 3021, 4009);
INSERT INTO ORDERS VALUES (5007, '2022-02-16', 3031, 4001);
INSERT INTO ORDERS VALUES (5008, '2021-02-13', 3020, 4002);
INSERT INTO ORDERS VALUES (5009, '2022-04-22', 3021, 4003);
INSERT INTO ORDERS VALUES (5010, '2021-06-02', 3022, 4004);
INSERT INTO ORDERS VALUES (5011, '2021-07-09', 3031, 4005);
INSERT INTO ORDERS VALUES (5012, '2021-07-10', 3030, 4006);
INSERT INTO ORDERS VALUES (5013, '2021-07-10', 3032, 4007);
INSERT INTO ORDERS VALUES (5014, '2021-07-10', 3000, 4008);
INSERT INTO ORDERS VALUES (5015, '2021-07-10', 3002, 4009);
INSERT INTO ORDERS VALUES (5016, '2021-07-10', 3003, 4010);